0;1
1;3;5;32;34;35;37;161;164;166;184;191;389;475;562;672
2;3
3;1;2
4;6;27
5;1;6;7;35;39;128;131;344;352;375;376;396;415;559;561;566;585;586;672
6;4;395;586
7;5;8;33;242;266;468
8;7;9
9;8;11;331;332
10;11;12;13;39;41;47;108;193
11;9;10
12;10;13;77;96;108;354;541;591;610
13;10;12;14;79
14;13;16;18;49;82;84;91
15;16;54
16;14;17;18;20
17;16;20;67;115;504;511
18;14;16;19;51;507
19;18;20;112
20;16;19;80
21;22
22;18
23;24
24;18
25;26;29;307;450;578
26;25;35;214;215;246
27;4
28;27;30;31;33;203
29;25;385
30;28;31
31;25;30;32;36;263
32;1;31;33;34;36;672
33;7;28;32;34;35;215;571
34;1;32;33
35;1;5;26;33;263
36;31;32
37;1;133;173;175;177;181;183;620
38;43;228;245;280;283;424
39;5;10;52
40;41
41;10;40;42
42;41;249;262;299
43;38;44;45;46;48
44;43;254;259
45;43
46;43;47
47;10;46;48;64
48;43;47;63;592
49;14;468;591;608
50;39;48;51
51;50
52;39;70;76
53;50
54
55;62;65
56;55
57;56;74
58;69
59;58
60;61
61;60;62
62;47;55;61
63;48
64;47;66
65;55;77
66;64
67;17;68;124;282;500;503
68;67
69;58;70
70;52;69
71;52
72;71
73;72
74;57
75;76
76;52;75
77;12;65;78
78;77;569;570
79;13;93
80;20;79;115
81;80
82;14
83;82
84;14;86
85;84;120
86;84;88
87
88;86;87;90
89
90;89
91;14;92;100
92;91;121
93;79;118
94;95
95;94;96
96;12
97;99
98;97;101
99;560
100;91
101;98
102;103;104
103;102;108
104;102
105;106;115
106;119;120;121;123;125
107;105;106
108;10;12;103
109;10
110;111;112
111;110
112;19;110
113;15;106
114;106;113
115;15;17;20;80;498;502
116
117;20;106;116
118;93;119;541;542
119;106;118
120;85;106
121;92;106
122;123;518
123;106;122
124;67;125;517
125;106;124
126;109;127
127;126
128;5;129
129;128;131;331
130;131
131;5;129;130;132
132;131
133;187
134;150
135;134;151
136;134;137;139;141;143;145;147;161
137
138;137;152
139;153
140;139;154
141
142;141;155
143;156
144;143;157
145;158
146;145;159
147;160
148;149;150
149;148
150;134;148
151;135
152;138;153
153;139;152
154;140
155;142;156
156;143;155
157;144;158
158;145;157
159;146;160
160;147;159
161;1;136;163
162;163
163;161;162
164;1;165
165;164;176
166;1;167;181
167;166;178
168;169
169;168;180
170;192
171;170
172;190
173;37;172;191
174;189
175;37;174
176;165
177;37;176;188
178;167
179;178
180;169
181;37;166;180
182;185
183;37;182;584
184;1;185;579
185;182;184;581
186;187
187;133;186
188;177;189
189;174;188
190;172
191;1;173;192
192;170;191
193
194
195
196;195;197
197;196
198;197;201
199;194
200;199;201
201;198;200;459;460
202;207
203;28;202;206;210;215;216;229;309;310;311;314;316
204;205;216
205;204;217;225
206;210
207;209
208;209;212
209;207;208
210;203;206
211;212;213;214
212;205;211
213;211;277
214;26;211;215;218
215;26;33;203;214;246;277;318;321;325;326;340;609
216;307
217
218;214;222;414;422
219;245;247;249;251;367
220;219;360
221;216
222;205
223;217;220
224;223;367
225
226;227
227;226;263
228;230
229;203;213;228;257;284;312;317;325
230;231
231;233;567
232;237
233;232
234;238;567
235;234;236;276
236;235;237
237;232;236
238;234;246;251;254;258
239;240;242;261;266;281;282;284;288
240;239;242;244;245
241
242;7;239;240;241;243;242
243;244;283;289
244;243;248
245;38;43;219;240;247
246;26;215;245
247;219;254
248;244;249
249;42;219;248;250
250;249;251
251;238;254
252;253
253;251;252;258;273
254;44;238;251
255;256
256;255;289
257;238;259;260;261
258;238;252;253;257
259;44;257;260
260;253;257;259;262
261;239;257;264;266;267
262;42;260;268
263;35;129;415;566;569
264;261;265
265;264
266;7;239;261;265;269;275;603;645
267;268;269
268;262;267
269;262;267;283;289
270;240
271;272
272;271;620
273
274;43
275
276;235
277;278
278;277;279
279;278;280
280;38;279;283
281;239;282;283;298
282;67;239;281;284;289;292;524
283;38;281;285;286
284;239;282;288;293
285;283;286;287;299
286;283;285
287;285
288;239;284;289;294
289;288;290
290;286;289
291;285
292;283;289;297;298
293;283;289;292;294
294;293
295;294;296
296;299
297;298;300
298;292;297
299;42;285;297
300;302;303
301;283;289;302
302;300;301
303;42;300;304
304;305;306
305;304
306;304
307;25;216
308;203;315;491;494;495;497
309;308
310;203;486
311;650
312;520;531;532
313;161
314;203;421
315;308
316
317
318;319;470
319;318
320;318;423
321
322;323;324;481
323;322;666
324;322;488
325;215;327
326
327
328;330
329;328
330
331;9;129;565
332;9;341
333;551
334;333;546
335;308;336;337;339;344;348;351
336;335
337
338
339;335;338;346;348
340;349
341;332;344
342;335
343;479
344;5;334;335;343;345;369;377
345;344;351;357;568;587;588
346;363;395
347;339
348;335
349;350;400
350;347;349;363
351;345;356
352;5
353
354;5;353;558;563
355;354
356
357;345;567;587;588;636
358;224;364
359;358
360
361;358;363;366;368
362;361;366
363;346;350;361;362;653
364
365
366;361;362
367;219;224;368
368;361;367
369
370;371;474
371;370
372;375
373;5
374
375;309;374;623
376;375
377;344;375;378;481;672
378
379;380;389;627
380;379;393
381;576;577
382;1;381;383
383;382
384;383
385;29
386;388
387;386
388;346
389;390
390;389;391
391;390;392
392;391
393
394;379;397
395
396;397
397;394;396
398
399;398
400;401
401;400;402
402;403
403;402;404
404;405
405;399;404;406
406;407;408
407
408;654
409
410;335;409
411;203
412;411
413;412
414;413
415;5;263
416;417
417;415;416
418;417;419
419;418
420
421;314;420
422;218
423;425
424;38;433
425
426;423
427;426
428;427;429
429;428
430;429
431
432;431
433;432
434;435;463
435;434;460
436;3;5
437;436
438;26;437
439;438
440;439
441;439
442;440
443;450
444;443
445;443
446;445
447;448;460
448;447;462
449;447
450;25
451;1;29
452;453;456
453;452;454;456
454
455;201;464
456;452;453;457
457;456;458
458;457;459
459;458
460;201;435;447;461
461;448
462
463
464;455
465;464;466
466;465;467;469
467;466
468;467
469;466
470;625
471;217;223
472;372
473
474;472;473;476
475;1;672
476
477;480
478;477
479
480;477;479
481;322;483
482
483;482
484;486
485;484
486
487;310
488
489
490;335;489
491;203;490
492;493
493;492;615
494;335;375
495
496;495
497;308
498
499;20
500
501;19
502
503;505;506
504;17
505;15;503
506;503
507;18
508;20;509;510
509
510
511;17;512;513;514;519
512;511
513
514;516
515;516
516;515;519
517
518;122
519;511;516
520;47;49;312
521;531
522;521
523;485;524
524;282;523;526;528;530;538
525
526;524;525
527;528
528;524;527;529
529;528;531
530;524
531;312;529
532;530
533
534;533
535;534;536
536
537;535
538;537
539;549
540;539
541;12;540;555
542;12;118
543;539
544;122
545;122
546
547;3
548;541;547
549;334;539;553;556
550;539;540
551;333
552;556
553;552
554;329;541
555
556
557;99
558;354;559
559;5
560;5
561;5;567
562;1;672
563;354
564;29
565;129;331
566;5;263
567;231;234;357;365;561;568
568;345;357;567;589
569;78;263
570;78
571;33
572;569
573;381;574
574;573;577
575
576;575
577;381;574
578;25
579;184
580;1
581;185
582;183;583
583;582
584;183
585;5
586;628
587;345;357;590
588;357;358
589
590;357;587
591
592
593;520
594;600
595;4;596
596;595
597;595
598;595
599;597
600;598
601
602;601
603;602
604
605;604;606;607
606
607;605;608
608;49;607
609;610
610;611
611;612;613;614
612;611;613
613;611;612
614;611;615
615;493;617
616;613;618
617;615;618
618;616
619;37;621
620
621;619
622;621
623;621
624;623
625;623
626;470;627
627;626
628;379
629;162
630;629
631;630
632;631
633;632
634;633
635;637
636;357
637;587
638;637
639;637;638
640;78;639
641;640
642;640;641;646
643;642
644;643
645;644
646
647
648;647
649;648
650;649
651;213;652
652;651
653;361
654
655;327
656;425
657;462
658;422
659;317
660;374
661;337
662;321
663;343
664;364
665;393
666;323
667;338
668;454
669;463
670;420
671;311
672;1;32;475;562
